BLEU-1,BLEU-2,BLEU-3,BLEU-4,Perplexity,Val Loss
0.4891304347826087,0.28116077855776667,0.17826622120116484,0.11303661724249371,14.353466845246919,2.663991505030251
